filename,label
dataset_new/MG90S/MG90S_20261003_170611_474640.jpg,MG90S
dataset_new/MG90S/MG90S_20261003_170628_485872.jpg,MG90S
dataset_new/MG90S/MG90S_20261003_170634_990525.jpg,MG90S
dataset_new/MG90S/MG90S_20261003_170640_258938.jpg,MG90S
dataset_new/MG90S/MG90S_20261003_170645_691655.jpg,MG90S
dataset_new/MG90S/MG90S_20261003_170651_649647.jpg,MG90S
dataset_new/MG90S/MG90S_20261003_170657_711751.jpg,MG90S
dataset_new/MG90S/MG90S_20261003_170702_089925.jpg,MG90S
dataset_new/MG90S/MG90S_20261003_170706_223672.jpg,MG90S
dataset_new/MG90S/MG90S_20261003_170708_991158.jpg,MG90S
dataset_new/MG90S/MG90S_20261003_170711_536427.jpg,MG90S
dataset_new/MG90S/MG90S_20261003_170715_349213.jpg,MG90S
dataset_new/MG90S/MG90S_20261003_170720_607840.jpg,MG90S
dataset_new/MG90S/MG90S_20261003_170725_760669.jpg,MG90S
dataset_new/MG90S/MG90S_20261003_170728_766994.jpg,MG90S
dataset_new/MG90S/MG90S_20261003_170731_544464.jpg,MG90S
dataset_new/MG90S/MG90S_20261003_170734_654658.jpg,MG90S
dataset_new/MG90S/MG90S_20261003_170737_884516.jpg,MG90S
dataset_new/MG90S/MG90S_20261003_170742_704068.jpg,MG90S
dataset_new/MG90S/MG90S_20261003_170746_287435.jpg,MG90S
dataset_new/MG90S/MG90S_20261003_170751_132415.jpg,MG90S
dataset_new/MG90S/MG90S_20261003_170757_060015.jpg,MG90S
dataset_new/MG90S/MG90S_20261003_170800_254099.jpg,MG90S
dataset_new/MG90S/MG90S_20261003_170804_192758.jpg,MG90S
dataset_new/MG90S/MG90S_20261003_170807_741991.jpg,MG90S
dataset_new/MG90S/MG90S_20261003_170821_743010.jpg,MG90S
dataset_new/MG90S/MG90S_20261003_170829_245534.jpg,MG90S
dataset_new/MG90S/MG90S_20261003_170831_871733.jpg,MG90S
dataset_new/MG90S/MG90S_20261003_170834_778666.jpg,MG90S
dataset_new/MG90S/MG90S_20261003_170838_032746.jpg,MG90S
dataset_new/MG90S/MG90S_20261003_170845_144872.jpg,MG90S
dataset_new/MG90S/MG90S_20261003_170852_386197.jpg,MG90S
dataset_new/MG90S/MG90S_20261003_170854_558033.jpg,MG90S
dataset_new/MG90S/MG90S_20261003_170856_223222.jpg,MG90S
dataset_new/MG90S/MG90S_20261003_170857_667416.jpg,MG90S
dataset_new/MG90S/MG90S_20261003_170858_862471.jpg,MG90S
dataset_new/MG90S/MG90S_20261003_170900_254855.jpg,MG90S
dataset_new/MG90S/MG90S_20261003_170903_451921.jpg,MG90S
dataset_new/MG90S/MG90S_20261003_170906_684911.jpg,MG90S
dataset_new/MG90S/MG90S_20261003_170908_767245.jpg,MG90S
dataset_new/MG90S/MG90S_20261003_170911_331606.jpg,MG90S
dataset_new/MG90S/MG90S_20261003_170913_584589.jpg,MG90S
dataset_new/MG90S/MG90S_20261003_170947_100534.jpg,MG90S
dataset_new/MG90S/MG90S_20261003_170952_477374.jpg,MG90S
dataset_new/MG90S/MG90S_20261003_170957_341889.jpg,MG90S
dataset_new/MG90S/MG90S_20261003_171002_925481.jpg,MG90S
dataset_new/MG90S/MG90S_20261003_171006_526018.jpg,MG90S
dataset_new/MG90S/MG90S_20261003_171009_789626.jpg,MG90S
dataset_new/MG90S/MG90S_20261003_171020_017668.jpg,MG90S
dataset_new/MG90S/MG90S_20261003_171023_419210.jpg,MG90S
dataset_new/MG90S/MG90S_20261003_171026_093000.jpg,MG90S
dataset_new/MG90S/MG90S_20261003_171028_525859.jpg,MG90S
dataset_new/MG90S/MG90S_20261003_171031_386720.jpg,MG90S
dataset_new/MG90S/MG90S_20261003_171036_011118.jpg,MG90S
dataset_new/MG90S/MG90S_20261003_171038_013406.jpg,MG90S
dataset_new/MG90S/MG90S_20261003_174254_799197.jpg,MG90S
dataset_new/MG90S/MG90S_20261003_174258_335787.jpg,MG90S
dataset_new/MG90S/MG90S_20261003_174302_340296.jpg,MG90S
dataset_new/MG90S/MG90S_20261003_174313_315754.jpg,MG90S
dataset_new/MG90S/MG90S_20261003_174317_012348.jpg,MG90S
dataset_new/MG90S/MG90S_20261003_174321_348890.jpg,MG90S
dataset_new/MG90S/MG90S_20261003_174332_146722.jpg,MG90S
dataset_new/MG90S/MG90S_20261003_174334_643871.jpg,MG90S
dataset_new/MG90S/MG90S_20261003_174337_411518.jpg,MG90S
dataset_new/MG90S/MG90S_20261003_174341_602411.jpg,MG90S
dataset_new/MG90S/MG90S_20261003_174344_004364.jpg,MG90S
dataset_new/MG90S/MG90S_20261003_174347_007214.jpg,MG90S
dataset_new/MG90S/MG90S_20261003_174349_011320.jpg,MG90S
dataset_new/MG90S/MG90S_20261003_174356_930345.jpg,MG90S
dataset_new/MG90S/MG90S_20261003_174400_036225.jpg,MG90S
dataset_new/MG90S/MG90S_20261003_174426_355390.jpg,MG90S
dataset_new/MG90S/MG90S_20261003_174430_428044.jpg,MG90S
dataset_new/MG90S/MG90S_20261003_174445_110697.jpg,MG90S
dataset_new/MG90S/MG90S_20261003_174447_877036.jpg,MG90S
dataset_new/MG90S/MG90S_20261003_174451_879444.jpg,MG90S
dataset_new/PCA9685/PCA9685_20261003_171155_490996.jpg,PCA9685
dataset_new/PCA9685/PCA9685_20261003_171206_571864.jpg,PCA9685
dataset_new/PCA9685/PCA9685_20261003_171212_907120.jpg,PCA9685
dataset_new/PCA9685/PCA9685_20261003_171217_067473.jpg,PCA9685
dataset_new/PCA9685/PCA9685_20261003_171222_556019.jpg,PCA9685
dataset_new/PCA9685/PCA9685_20261003_171229_371854.jpg,PCA9685
dataset_new/PCA9685/PCA9685_20261003_171233_596043.jpg,PCA9685
dataset_new/PCA9685/PCA9685_20261003_171237_276034.jpg,PCA9685
dataset_new/PCA9685/PCA9685_20261003_171242_093009.jpg,PCA9685
dataset_new/PCA9685/PCA9685_20261003_171244_831400.jpg,PCA9685
dataset_new/PCA9685/PCA9685_20261003_171248_892940.jpg,PCA9685
dataset_new/PCA9685/PCA9685_20261003_171255_850173.jpg,PCA9685
dataset_new/PCA9685/PCA9685_20261003_171300_121710.jpg,PCA9685
dataset_new/PCA9685/PCA9685_20261003_171306_218359.jpg,PCA9685
dataset_new/PCA9685/PCA9685_20261003_171310_152643.jpg,PCA9685
dataset_new/PCA9685/PCA9685_20261003_171313_483676.jpg,PCA9685
dataset_new/PCA9685/PCA9685_20261003_171317_019154.jpg,PCA9685
dataset_new/PCA9685/PCA9685_20261003_171320_586920.jpg,PCA9685
dataset_new/PCA9685/PCA9685_20261003_171324_072794.jpg,PCA9685
dataset_new/PCA9685/PCA9685_20261003_171327_706878.jpg,PCA9685
dataset_new/PCA9685/PCA9685_20261003_171341_002117.jpg,PCA9685
dataset_new/PCA9685/PCA9685_20261003_171348_697979.jpg,PCA9685
dataset_new/PCA9685/PCA9685_20261003_171358_268207.jpg,PCA9685
dataset_new/PCA9685/PCA9685_20261003_171400_899567.jpg,PCA9685
dataset_new/PCA9685/PCA9685_20261003_171403_961590.jpg,PCA9685
dataset_new/PCA9685/PCA9685_20261003_171408_119670.jpg,PCA9685
dataset_new/PCA9685/PCA9685_20261003_171411_163714.jpg,PCA9685
dataset_new/PCA9685/PCA9685_20261003_171414_924140.jpg,PCA9685
dataset_new/PCA9685/PCA9685_20261003_171418_919322.jpg,PCA9685
dataset_new/PCA9685/PCA9685_20261003_171422_694739.jpg,PCA9685
dataset_new/PCA9685/PCA9685_20261003_171427_753106.jpg,PCA9685
dataset_new/PCA9685/PCA9685_20261003_171435_131952.jpg,PCA9685
dataset_new/PCA9685/PCA9685_20261003_171445_819186.jpg,PCA9685
dataset_new/PCA9685/PCA9685_20261003_171450_315537.jpg,PCA9685
dataset_new/PCA9685/PCA9685_20261003_171453_305537.jpg,PCA9685
dataset_new/PCA9685/PCA9685_20261003_171522_456492.jpg,PCA9685
dataset_new/PCA9685/PCA9685_20261003_171526_328533.jpg,PCA9685
dataset_new/PCA9685/PCA9685_20261003_171529_929727.jpg,PCA9685
dataset_new/PCA9685/PCA9685_20261003_171533_014335.jpg,PCA9685
dataset_new/PCA9685/PCA9685_20261003_171535_960180.jpg,PCA9685
dataset_new/PCA9685/PCA9685_20261003_171542_467438.jpg,PCA9685
dataset_new/PCA9685/PCA9685_20261003_171545_720619.jpg,PCA9685
dataset_new/PCA9685/PCA9685_20261003_171549_626826.jpg,PCA9685
dataset_new/PCA9685/PCA9685_20261003_171554_929790.jpg,PCA9685
dataset_new/PCA9685/PCA9685_20261003_171601_351503.jpg,PCA9685
dataset_new/PCA9685/PCA9685_20261003_171604_312755.jpg,PCA9685
dataset_new/PCA9685/PCA9685_20261003_171607_366884.jpg,PCA9685
dataset_new/PCA9685/PCA9685_20261003_171612_566997.jpg,PCA9685
dataset_new/PCA9685/PCA9685_20261003_171618_935939.jpg,PCA9685
dataset_new/PCA9685/PCA9685_20261003_171621_398519.jpg,PCA9685
dataset_new/PCA9685/PCA9685_20261003_171651_760994.jpg,PCA9685
dataset_new/PCA9685/PCA9685_20261003_171654_327967.jpg,PCA9685
dataset_new/PCA9685/PCA9685_20261003_171657_449845.jpg,PCA9685
dataset_new/PCA9685/PCA9685_20261003_171700_214894.jpg,PCA9685
dataset_new/PCA9685/PCA9685_20261003_171710_181727.jpg,PCA9685
dataset_new/PCA9685/PCA9685_20261003_174022_887735.jpg,PCA9685
dataset_new/PCA9685/PCA9685_20261003_174034_297821.jpg,PCA9685
dataset_new/PCA9685/PCA9685_20261003_174043_366014.jpg,PCA9685
dataset_new/PCA9685/PCA9685_20261003_174049_259672.jpg,PCA9685
dataset_new/PCA9685/PCA9685_20261003_174053_945572.jpg,PCA9685
dataset_new/PCA9685/PCA9685_20261003_174101_764085.jpg,PCA9685
dataset_new/PCA9685/PCA9685_20261003_174106_875194.jpg,PCA9685
dataset_new/PCA9685/PCA9685_20261003_174110_822163.jpg,PCA9685
dataset_new/PCA9685/PCA9685_20261003_174115_272120.jpg,PCA9685
dataset_new/PCA9685/PCA9685_20261003_174118_777795.jpg,PCA9685
dataset_new/PCA9685/PCA9685_20261003_174124_070432.jpg,PCA9685
dataset_new/PCA9685/PCA9685_20261003_174128_567859.jpg,PCA9685
dataset_new/PCA9685/PCA9685_20261003_174133_096245.jpg,PCA9685
dataset_new/PCA9685/PCA9685_20261003_174148_998347.jpg,PCA9685
dataset_new/PCA9685/PCA9685_20261003_174153_156549.jpg,PCA9685
dataset_new/PCA9685/PCA9685_20261003_174201_750480.jpg,PCA9685
dataset_new/PCA9685/PCA9685_20261003_174205_398982.jpg,PCA9685
dataset_new/PCA9685/PCA9685_20261003_174209_553152.jpg,PCA9685
dataset_new/PCA9685/PCA9685_20261003_174226_203777.jpg,PCA9685
dataset_new/PCA9685/PCA9685_20261003_174233_176764.jpg,PCA9685